n,train_error,test_error
1.0,0.0707742918164242,0.14816478472878244
2.0,0.06705466344624815,0.04331490108617289
3.0,0.07569810821793725,0.08279804760498857
4.0,0.08992704266920193,0.2893182509186698
5.0,0.10605587691625411,0.7983718568388862
6.0,0.1215187694116916,1.6960982861574145
7.0,0.1348442509930711,2.9722847277365494
8.0,0.14551258098733194,4.538938258421439
9.0,0.1536240169711455,6.273251476898399
